<?xml version="1.0" encoding="UTF-8"?>
<project-private xmlns="http://www.netbeans.org/ns/project-private/1">
    <editor-bookmarks xmlns="http://www.netbeans.org/ns/editor-bookmarks/2" lastBookmarkId="0"/>
    <open-files xmlns="http://www.netbeans.org/ns/projectui-open-files/2">
        <group>
            <file>file:/C:/Users/vsvak/OneDrive/Documents/NetBeansProjects/Project_EAP/web/eventreg.jsp</file>
            <file>file:/C:/Users/vsvak/OneDrive/Documents/NetBeansProjects/Project_EAP/web/register.jsp</file>
            <file>file:/C:/Users/vsvak/OneDrive/Documents/NetBeansProjects/Project_EAP/web/index.jsp</file>
            <file>file:/C:/Users/vsvak/OneDrive/Documents/NetBeansProjects/Project_EAP/web/main.css</file>
            <file>file:/C:/Users/vsvak/OneDrive/Documents/NetBeansProjects/Project_EAP/web/logout.jsp</file>
            <file>file:/C:/Users/vsvak/OneDrive/Documents/NetBeansProjects/Project_EAP/web/evelist.jsp</file>
        </group>
    </open-files>
</project-private>
